s_m,x,y,z,x_quat,y_quat,z_quat,w_quat,speed,heading_rad,curvature_1pm,turn_radius_m,v_limit_mps,v_kappa_mps,v_ref_mps,v_ref_kmh,t_ref_s
0.0,89669.82634826488,43133.24935924902,0.0,0.0,0.0,-0.8641775047575619,0.5031870827743832,1.5,-2.0870269974062188,0.004573736749196742,218.63960582681634,10.0,23.379457105909044,9.829870307818245,35.38753310814568,0.0
3.1388882484319405,89668.2388975564,43130.45242228646,0.0,0.0,0.0,-0.8567052353123144,0.5158063006482879,1.5,-2.0720789805704936,-0.0014936464801614691,669.5024647946789,10.0,40.91156513733858,8.97475318323165,32.30911145963394,0.3420468498346379
6.0668241175653,89666.87822552054,43127.882263996544,0.0,0.0,0.0,-0.8760856354219352,0.4821555344568223,1.5,-2.0950332639893614,-0.008779704780648493,113.8990461506312,10.0,16.87446637309097,8.124383780684182,29.247781610463058,0.682194610853625
8.990437953766717,89665.44196059382,43125.61447727014,0.0,0.0,0.0,-0.8683274209497469,0.4959914213237574,1.5,-2.1187938192751745,-0.03769745535607516,26.526989436140926,10.0,8.143554112938178,7.251474449804744,26.105308019297077,1.0313583432054
12.147282107807731,89663.70332410357,43122.66635452582,0.0,0.0,0.0,-0.9657707506138884,0.2593971034122904,1.5,-2.3397890930647014,-0.07048048172093892,14.188325272227983,10.0,5.955737836789826,5.955737836789826,21.440656212443375,1.5496529884113672
15.508388704254221,89660.83079425011,43121.00331092646,0.0,0.0,0.0,-0.958760558299818,0.2842150450778798,1.5,-2.592558922542631,-0.043847588169117116,22.806271490761798,10.0,7.550872712932227,6.740062105938625,24.26422358137905,2.0725358345105667
19.22935604448129,89657.80707861489,43119.037895763584,0.0,0.0,0.0,-0.9705122143351904,0.2410519483974468,1.5,-2.6130166924027822,-0.04219235206796149,23.700977807287117,10.0,7.697560946054133,6.630185837187934,23.868669013876563,2.611993809419337
23.050821271177384,89653.95184118,43116.99688770982,0.0,0.0,0.0,0.9953877060263016,0.0959339079350832,1.5,-2.9693588500806287,-0.11287451244853773,8.859395963778134,10.0,4.7062182173636335,4.7062182173636335,16.942385582509083,3.381580857349057
26.670695462139015,89650.61527763396,43117.64606331011,0.0,0.0,0.0,0.9868796805156108,0.1614574129156232,2.0,2.8762621397127677,-0.0654826614696209,15.271218022558932,10.0,6.178838487644529,5.687343855440871,20.474437879587136,4.035664616067216
30.09500336056488,89647.04114078643,43118.84771276746,0.0,0.0,0.0,0.9828388597749672,0.1844661912553153,8.333333333333334,2.794122597204648,-0.014853027553143449,67.32634113967984,10.0,12.973659963526083,6.607425706143038,23.78673254211494,4.649052516535327
33.060597565961196,89644.45593458207,43119.85356517503,0.0,0.0,0.0,0.9828388597749282,0.1844661912555224,8.333333333333334,2.770535243282351,-0.008374419041041463,119.4112684234198,10.0,17.277967793075362,7.20971911299507,25.954988806782254,5.0505814544366805
35.949761919277066,89642.08375731178,43120.77653225382,0.0,0.0,0.0,0.980114677324084,0.1984319008977814,8.333333333333334,2.7544652019027085,-0.01407750854996612,71.03529693842073,10.0,13.32622385922028,7.721157205186987,27.796165938673155,5.391540182564626
39.00502359362272,89638.68207722215,43122.21279718054,0.0,0.0,0.0,0.9622001654295768,0.272343242338221,8.333333333333334,2.675846932073433,-0.025159695301185166,39.74610932402247,10.0,9.968213145296211,7.9616497367342625,28.661939052243344,5.862433333079759
41.75524875574921,89636.71666205926,43123.42228343462,0.0,0.0,0.0,0.9656057545943876,0.2600106280408611,8.333333333333334,2.6048619949078717,-0.03463538065226739,28.872210472863255,10.0,8.495912321943896,7.200632786322206,25.922278030759944,6.166840113244581
44.27444277728961,89634.37328244197,43124.78295547046,0.0,0.0,0.0,0.9225056094289747,0.3859836791524684,8.333333333333334,2.505974445088598,-0.0652737086890717,15.320103914478857,10.0,6.188720367426302,6.188720367426302,22.279393322734688,6.571605080802943
47.106031119025424,89632.69193766383,43126.48851578403,0.0,0.0,0.0,0.8807548517288327,0.473572477194486,8.333333333333334,2.2502853454952505,-0.06671113424503639,14.990001464027042,10.0,6.121683074128193,6.121683074128193,22.038059066861496,6.960701145880066
50.657040308655816,89630.54143781093,43129.74162241264,0.0,0.0,0.0,0.8807548517287003,0.4735724771947322,8.333333333333334,2.1549075947282073,-0.009452548652503598,105.7915739725011,10.0,16.262808334701997,7.012416508631362,25.244699431072902,7.554523435548845
54.39658922828497,89628.3148229,43133.1098699,0.0,0.0,0.0,0.8876786755288125,0.4604634285276228,8.333333333333334,2.1695841836912275,0.003999891154028039,250.00680305836894,10.0,25.000340150604398,7.828604098122339,28.182974753240423,8.098648495209497
57.64374848208393,89626.5962446,43135.5491846,0.0,0.0,0.0,0.8865758413551225,0.4625832655052025,8.333333333333334,2.181967185249366,0.0015674365893524759,637.9843413079378,10.0,39.93696099191631,8.380858941765498,30.171092190355793,8.466818390971603
60.62766994154675,89624.8893618,43137.9966586,0.0,0.0,0.0,0.8866177348157583,0.4625029646501454,8.333333333333334,2.1798697291320175,-0.0005379555311516519,1858.8897075920127,10.0,68.17055279943116,8.898901938669866,32.03604697921152,8.812180388907848
63.61174116137019,89623.1819638,43140.4439264,0.0,0.0,0.0,0.886022717946053,0.4636418265034863,8.333333333333334,2.1786753760816624,-0.00048123587565354273,2077.9830652524593,10.0,72.07605471396965,9.388423281555383,33.79832381359938,9.138527950831525
66.59600733478982,89621.4806511,43142.8958758,0.0,0.0,0.0,0.8858404744325861,0.4639899286159677,8.333333333333334,2.1769975127488905,-0.0009856463698810947,1014.5626571126487,10.0,50.362750548213924,9.853711488301215,35.47336135788438,9.44872008866208
69.5802040781568,89619.7813115,43145.3490954,0.0,0.0,0.0,0.8840654740746551,0.4673630682340607,8.333333333333334,2.1727924461003503,-0.0021754208998072426,459.68115875351157,10.0,33.89989523411214,9.940931203758232,35.78735233352964,9.750246032561362
72.56379160128196,89618.100974,43147.8148295,0.0,0.0,0.0,0.8817338975541988,0.4717471079973692,8.333333333333334,2.164014983274555,-0.004758366079779864,210.15617193670457,10.0,22.92139676899646,9.159849789389263,32.975459241801346,10.06267859830895
75.54619718893903,89616.4459781,43150.2959718,0.0,0.0,0.0,0.8747329353994254,0.4846052947786523,8.333333333333334,2.1444049809278005,-0.013321217855084977,75.06821154630993,10.0,13.699289356232127,8.306054360260122,29.90179569693644,10.404196769960608
78.5272113458152,89614.8648117,43152.8237383,0.0,0.0,0.0,0.8520352631869781,0.5234843935456882,8.333333333333334,2.0846142910154954,-0.03339387832086384,29.9456083055564,10.0,8.652399711287673,7.354097286049922,26.47475022977972,10.784979599644688
81.50135709447933,89613.5157321,43155.4866665,0.0,0.0,0.0,0.7988249148909662,0.6015635921076347,8.333333333333334,1.9448910484215212,-0.06384566168176231,15.66277134043162,10.0,6.2575497082387646,6.2575497082387646,22.527178949659554,11.22359863076915
84.46193977585295,89612.6932589,43158.3481709,0.0,0.0,0.0,0.7028539955455397,0.7113341415577284,8.333333333333334,1.703482367930609,-0.09443666067539033,10.589108010048415,10.0,5.145169581765118,5.145169581765118,18.522610494354424,11.745817835661056
87.40474250733166,89612.7291468,43161.3404789,0.0,0.0,0.0,0.5688843952383383,0.8224175003332006,8.333333333333334,1.3817133788366245,-0.12520077494293969,7.987171009570432,10.0,4.468548704437055,4.468548704437055,16.086775335973396,12.36837054874539
90.285902987029,89613.7741219,43164.1124982,0.0,0.0,0.0,0.332024351633184,0.943270814730618,8.333333333333334,0.9423381208446259,-0.16407671496621937,6.094710027598268,10.0,3.903431191784437,3.903431191784437,14.052352290423974,13.076074643966948
93.12578508824944,89616.038489,43165.9320151,0.0,0.0,0.0,0.0957611796389797,0.9954043381833088,8.333333333333334,0.43235540004342166,-0.16867050640027245,5.928718786359111,10.0,3.8499086957871844,3.8499086957871844,13.859671304833864,13.825383622095005
95.97262157560662,89618.9507637,43166.4975904,0.0,0.0,0.0,-0.1714659858086165,0.985190040403718,8.333333333333334,-0.07213842343948654,-0.16713538315262202,5.983173527575762,10.0,3.8675488127416573,3.8675488127416573,13.923175725869967,14.59420804530715
98.84704237832206,89621.7102618,43165.5070397,0.0,0.0,0.0,-0.3722981364651079,0.928113192226362,8.333333333333334,-0.551447970134109,-0.1273879926500676,7.850033423063516,10.0,4.430020717520268,4.430020717520268,15.948074583072964,15.30089620583833
101.79076894342344,89623.8840814,43163.4286152,0.0,0.0,0.0,-0.4334716146163332,0.9011672205101054,8.333333333333334,-0.8287407100659491,-0.07081187823105524,14.121924527083653,10.0,5.941785196193912,5.352356967303325,19.26848508229197,15.915787039027034
104.76419854460902,89625.7384085,43161.107721,0.0,0.0,0.0,-0.5077202816800768,0.8615219762552221,8.333333333333334,-0.9810343567923882,-0.04559180819609464,21.933764848696203,10.0,7.405026139166593,6.128607949744716,22.06298861908098,16.43328769398796
107.73636901908688,89627.1816511,43158.5014474,0.0,0.0,0.0,-0.5357086988320535,0.8444028600115399,8.333333333333334,-1.0978004353357338,-0.029386095060531834,34.029700031260354,10.0,9.223570354160632,6.818902011862685,24.548047242705664,16.89348373539994
110.71839712205932,89628.4528769,43155.8019154,0.0,0.0,0.0,-0.5575441010496636,0.8301473214946384,8.333333333333334,-1.1567600603825254,-0.01661389358421555,60.19058656726172,10.0,12.266884951696348,7.4464111226160155,26.807080041417656,17.311823142568826
113.70297781004622,89629.5826044,43153.0374306,0.0,0.0,0.0,-0.569086621168504,0.8222775794140417,8.333333333333334,-1.1968698369750257,0.010320271709902075,96.89667366417513,10.0,15.564115270725729,8.025476715786183,28.89171617683026,17.69786687134894
116.67565636332398,89630.6338945,43150.2444985,0.0,0.0,0.0,-0.4771213576660648,0.878837419582764,8.333333333333334,-1.097589326021828,0.018816664120301887,53.14438274534904,10.0,11.52653273380042,8.565103186830976,30.834371472591513,18.057617852045468
119.50329035265463,89632.2522925146,43147.75284844299,0.0,0.0,0.0,-0.551099706575186,0.8344394006833233,8.333333333333334,-1.0787178779564215,-0.006318944503970648,158.25427796867467,10.0,19.890593126442628,8.693806083959782,31.297701902255216,18.40191728204048
122.13532930282965,89633.20967857075,43145.509917684125,0.0,0.0,0.0,-0.5186828293851513,0.8549667376576787,8.333333333333334,-1.128986363042843,0.002768170541328246,361.2494190911272,10.0,30.052014037794837,7.961701686056005,28.662126069801616,18.69475904120199
124.90613824639452,89634.45844299185,43143.11230204535,0.0,0.0,0.0,-0.4933401137192882,0.8698364973921476,8.333333333333334,-1.0612810088672273,0.04053125998743644,24.672314660584746,10.0,7.85371164809747,7.062015435403592,25.42325556745293,19.054633541462955
127.94624068018159,89636.12346221996,43140.32797420675,0.0,0.0,0.0,-0.3526139839977672,0.9357688701219028,8.333333333333334,-0.8762853364060994,0.07429175302000722,13.460444253222748,10.0,5.800957734120882,5.800957734120882,20.883447842835174,19.55905662197604
130.8925114274798,89638.4128636586,43138.31707076777,0.0,0.0,0.0,-0.2323697842465912,0.9726275152231674,8.333333333333334,-0.5874224672093853,0.1057124852994838,9.459620565792177,10.0,4.863029036976896,4.863029036976896,17.506904533116828,20.130539856342956
133.44160186458222,89640.70226509725,43137.15693416836,0.0,0.0,0.0,-0.0544057429275845,0.998518910755574,8.333333333333334,-0.28003956124032614,0.1544398314202422,6.475013542840034,10.0,4.023373442411241,4.023373442411241,14.484144392680468,20.70817943496962
135.65570815105755,89642.82516461308,43136.92490684848,0.0,0.0,0.0,0.1606780377913518,0.9870068734165536,8.333333333333334,0.11283985660593086,0.1884705974325804,5.305867406494105,10.0,3.642069262965116,3.642069262965116,13.111449346674418,21.265366264502354
137.84065167614463,89644.90643864822,43137.62098880812,0.0,0.0,0.0,0.3435240687012761,0.9391438730156956,8.333333333333334,0.5140046582652591,0.15892684216488437,6.2922032954163525,10.0,3.9661704752242914,3.9661704752242914,14.27821371080745,21.842264874904423
140.10104334346028,89646.73795979914,43139.16783760734,0.0,0.0,0.0,0.5540159306970269,0.832506065163436,8.333333333333334,0.8939721623177681,0.19363435801479328,5.164372739695308,10.0,3.5931785161940213,3.5931785161940213,12.935442658298477,22.47653487179323
142.74187619964545,89647.61209489389,43141.25608348628,0.0,0.0,0.0,0.699455895980281,0.71467576534987,8.333333333333334,1.378302147937267,0.14545123889187642,6.875156290304042,10.0,4.145828110976154,4.145828110976154,14.924981199514155,23.06157648132747
145.9057527150458,89647.6953458553,43145.12320548432,0.0,0.0,0.0,0.8552788908611095,0.5181679446351253,8.333333333333334,1.7653285158546104,0.09488512773949165,10.539059427158206,10.0,5.132996061550751,5.132996061550751,18.478785821582704,23.895306689146736
149.08898500366695,89646.32170499211,43147.75284844299,0.0,0.0,0.0,0.8554577728148866,0.5178725701662464,8.333333333333334,2.0525444511522117,0.057602996057530144,17.36020812183562,10.0,6.5879071262874564,5.937007087263659,21.373225514149173,24.43131403962201
152.1672574094881,89644.86481316751,43150.53717628158,0.0,0.0,0.0,0.882001167353983,0.471247218332598,8.333333333333334,2.107611644230082,0.026985799452627215,37.05652677644295,10.0,9.625035944925473,6.683966956495718,24.062281043384587,24.929287285776716
155.14910889804096,89643.1581684587,43153.08947680029,0.0,0.0,0.0,0.9099741023570472,0.4146650853875768,8.333333333333334,2.223936414292423,0.0411697768213174,24.289662884016597,10.0,7.792570641966711,7.340734211846497,26.42664316264739,25.367132122677237
157.89974065072605,89641.4098982692,43155.10038023927,0.0,0.0,0.0,0.9319120116419388,0.3626844393649597,8.333333333333334,2.3431425886827926,0.017958544189333802,55.68380095052106,10.0,11.798707657040353,7.8663986921596845,28.319035291774863,25.717575109552694
160.6155944972241,89639.4771382,43156.8733096,0.0,0.0,0.0,0.8994355144724612,0.437053492499098,8.333333333333334,2.3179215657348684,-0.01654564824053119,60.43885289126004,10.0,12.292157346379442,8.351556215355846,30.065602375281046,26.041013458350136
163.50329227036084,89637.6355434,43159.2162561,0.0,0.0,0.0,0.904818453502284,0.4257975648142377,8.333333333333334,2.2490343349026265,-0.008006991832478015,124.89084801408104,10.0,17.669949633069205,8.870666696813817,31.934400108529744,26.38708711265545
166.4872284502659,89635.7318312,43161.5176381,0.0,0.0,0.0,0.9090449834628126,0.4166979938049796,8.333333333333334,2.2719254365294383,0.006474649321472408,154.44851919371425,10.0,19.64996941433461,9.362098004929054,33.703552817744594,26.714707984732275
169.47351620469001,89633.7847531,43163.7775397,0.0,0.0,0.0,0.9112566626678846,0.4118389184418941,8.333333333333334,2.287306485230425,0.0014159488332417965,706.240209055092,10.0,42.019049520874816,9.828421474463536,35.38231730806873,27.02559029775526
172.4675952306425,89631.807161,43166.0239011,0.0,0.0,0.0,0.9061282124747287,0.4230031472192053,8.333333333333334,2.280337666127786,-0.0070757267621975395,141.3282385835693,10.0,18.796824105654743,9.95771766814648,35.84778360532733,27.32810777331194
175.462813526787,89629.8754824,43168.3299613,0.0,0.0,0.0,0.8961587401628248,0.4437336052518206,8.333333333333334,2.244912015772118,-0.00405233099277108,246.77154995085345,10.0,24.838052960671728,9.17142940733868,33.01714586641925,27.64262307763506
178.4197697741562,89628.0728391,43170.6949574,0.0,0.0,0.0,0.910750913033808,0.412956141022367,8.333333333333334,2.2555773892145696,0.014919756482394853,67.02522264220525,10.0,12.94461496551802,8.321463440723866,29.957268386605918,27.982609464280987
181.3763400519026,89626.1769196,43172.8592263,0.0,0.0,0.0,0.9266429901665514,0.3759425072736421,8.333333333333334,2.3311910615474516,0.025780473079209443,38.789047700076765,10.0,9.847467656722307,7.406787504508307,26.664435016229906,28.34847983876721
184.3947457020766,89623.9486293,43175.0235088,0.0,0.0,0.0,0.941253485813917,0.3377008668084083,8.333333333333334,2.410421740628921,-0.017408415512036344,57.44348182111063,10.0,11.983684932139052,6.271264811911627,22.576553322881857,28.802688915805884
187.45226845066134,89621.6377949354,43176.92663418808,0.0,0.0,0.0,0.8455940572063416,0.5338264609564781,8.333333333333334,2.2216776454067744,-0.10262475243153313,9.744237879327967,10.0,4.935645317313625,4.935645317313625,17.768323142329052,29.336936713645084
190.48486688900886,89620.22252859152,43179.897633408575,0.0,0.0,0.0,0.6780175724580781,0.7350456934354862,8.333333333333334,1.7615052960530098,-0.1427991645765826,7.002842089203569,10.0,4.18414928306925,4.18414928306925,15.062937419049302,30.05863464651331
193.4343475985041,89620.4575395,43182.8044835,0.0,0.0,0.0,0.5630982111452201,0.826389983364424,8.333333333333334,1.3387125230481618,-0.13864447037641792,7.212692992984236,10.0,4.246378749294578,4.246378749294578,15.286963497460482,30.75048564394884
196.31214209441976,89621.5366302,43185.5496266,0.0,0.0,0.0,0.3286829582510043,0.9444403173072232,8.333333333333334,0.9327520483125542,-0.1494178536868855,6.692640640492419,10.0,4.090428046211184,4.090428046211184,14.725540966360263,31.45809906173727
199.19311713848904,89623.8589911,43187.3888367,0.0,0.0,0.0,0.1293825700730211,0.9915947511767595,8.333333333333334,0.46599964498269614,-0.1451703024696565,6.888461227867317,10.0,4.149837716064122,4.149837716064122,14.939415777830842,32.1771148370941
202.10018084336062,89626.7369063,43188.1528607,0.0,0.0,0.0,-0.0738566810990154,0.9972688657814592,8.333333333333334,0.054534173535371655,-0.13190983504963621,7.580935868987411,10.0,4.353428496308229,4.353428496308229,15.672342586709625,32.877458546847734
204.97957514576572,89629.6624967,43187.7171386,0.0,0.0,0.0,-0.2575909540408127,0.9662540558240074,8.333333333333334,-0.3288661628905467,-0.1100637131069707,9.08564659297022,10.0,4.765932907881262,4.765932907881262,17.157358468372543,33.5261573730895
207.88969841861953,89632.1322734,43186.2995723,0.0,0.0,0.0,-0.3076126376067317,0.9515116736985572,8.333333333333334,-0.5733435614584973,-0.046628050206447565,21.446318161974602,10.0,7.322280751578466,5.590810463088678,20.12691766711924,34.076075743227776
210.91640869144146,89634.642422,43184.4871419,0.0,0.0,0.0,-0.2852386745802094,0.958456518848782,8.333333333333334,-0.602037069902567,0.019112163859959855,52.32269916307114,10.0,11.437077769591227,6.367528588611165,22.923102919000197,34.59388782690943
213.94638052566296,89637.2185154,43182.8048442,0.0,0.0,0.0,-0.1630970748177246,0.9866100263963982,8.333333333333334,-0.4521404903598897,0.07216748219444072,13.856656344275692,10.0,5.885714982964196,5.885714982964196,21.18857393867111,35.0960811789883
216.87567680477255,89639.9822828,43181.8654118,0.0,0.0,0.0,-0.0102366879383776,0.999947603737342,8.333333333333334,-0.17323229892274178,0.0927354974433082,10.783357264151498,10.0,5.192147259119173,5.192147259119173,18.691730132829022,35.6230899917515
219.78875625639952,89642.8997601,43181.8056718,0.0,0.0,0.0,0.093089712933124,0.9956577249969132,8.333333333333334,0.0826991677991841,0.07454504210641127,13.414708366151618,10.0,5.791094103481573,5.791094103481573,20.847938772533663,36.15446115540736
222.7493851992936,89645.8452275,43182.3613059,0.0,0.0,0.0,0.1780750612830549,0.9840169066378058,8.333333333333334,0.2715127208963868,0.05659367083976144,17.66982040856453,10.0,6.646393835864027,6.521427858044965,23.477140288961873,36.64135032511629
225.72858070171776,89648.6392499,43183.4067994,0.0,0.0,0.0,0.2411108788165292,0.9704975755334584,8.333333333333334,0.4223869217575182,0.03504073770390411,28.538211964886333,10.0,8.446628316210903,7.174865119593083,25.8295144305351,37.07697516614837
228.71691348844882,89651.2792464,43184.8048551,0.0,0.0,0.0,0.2339750928861401,0.9722425910794704,8.333333333333334,0.4796589887295754,0.002033973919754421,491.6483885500058,10.0,35.058821591362914,7.505441190017199,27.019588284061914,37.483959878783985
231.7092086215946,89653.9579201,43186.1733861,0.0,0.0,0.0,0.1975077922537094,0.9803013169424316,8.333333333333334,0.43476929194552755,-0.037719055307746704,26.51179866094422,10.0,8.141222061359127,6.4258508736861675,23.133063145270203,37.915796005316395
234.66594720411976,89656.6963393,43187.3235285,0.0,0.0,0.0,0.0563639652051717,0.9984102881212464,8.333333333333334,0.2536575116492119,-0.09455074032986627,10.576331782397736,10.0,5.142064707488067,5.142064707488067,18.51143294695704,38.42931047179564
237.5773126619638,89659.6203205,43187.6547232,0.0,0.0,0.0,-0.1454691660696094,0.989362785697447,8.333333333333334,-0.10783061157883765,-0.1253838922574319,7.975506119612639,10.0,4.465284458915423,4.465284458915423,16.07502405209552,39.041899505189306
240.2529909820046,89662.4651057,43186.7996826,0.0,0.0,0.0,-0.4226103485135746,0.906311476993001,8.333333333333334,-0.549868340347791,-0.2144277280746645,4.663575970229916,10.0,3.4145189889023593,3.4145189889023593,12.292268360048494,39.7958534753199
242.7906094568543,89663.84603236795,43185.15401664483,0.0,0.0,0.0,-0.6142195472422678,0.789135189803055,8.333333333333334,-1.1226388110590877,-0.17468783117303727,5.7244971975721,10.0,3.7830203533592375,3.7830203533592375,13.618873272093255,40.39280632556477
245.57655195653612,89664.6369165013,43182.03065848995,0.0,0.0,0.0,-0.7230101371919843,0.6908374204670937,8.333333333333334,-1.4581264119390507,-0.11582535297406045,8.63368834476122,10.0,4.64588214033708,4.64588214033708,16.725175705213488,41.157303199411984
248.35517581193196,89664.5120400592,43179.28819767104,0.0,0.0,0.0,-0.8835584750190753,0.4683208528583435,8.333333333333334,-1.897361170384801,-0.1964900293411097,5.089316762551777,10.0,3.566972372528198,3.566972372528198,12.841100541101513,41.82584114378144
251.03941406388478,89663.0135227539,43177.078993122464,0.0,0.0,0.0,-0.9801747389059944,0.198135007534171,8.333333333333334,-2.454679565230898,-0.16882306434529637,5.923361265109398,10.0,3.848168806429039,3.848168806429039,13.85340770314454,42.54584979001859
253.9291277203999,89660.1639421,43175.8778704,0.0,0.0,0.0,-0.9971781210849404,0.0750719310362241,8.333333333333334,-2.860347661860586,-0.08571657852651003,11.666354597794925,10.0,5.4005450182817025,4.9077020186943185,17.667727267299547,43.25220526486211
256.9247168119981,89657.2102013,43175.4305943,0.0,0.0,0.0,-0.997253919602884,0.07405821923787,8.333333333333334,-2.992335677333058,-0.029030889757862093,34.446067907001776,10.0,9.279825955668805,5.7487198756294795,20.695391552266127,43.81288383615222
259.873333593584,89654.2806368,43174.9930699,0.0,0.0,0.0,-0.9994026571253026,0.0345590643809228,8.333333333333334,-3.0321305118409145,0.012551541787623523,79.67148713045376,10.0,14.113069043483575,6.475642687415987,23.312313674697553,44.29749904400989
262.8418211541555,89651.40001363785,43174.7936091067,0.0,0.0,0.0,-0.9834601309586624,0.1811247382738496,8.333333333333334,-2.919351676244203,0.0667967142405932,14.97079626399179,10.0,6.117760264997271,6.117760264997271,22.023936953990177,44.75607572443803
265.85584298761046,89648.40297902725,43173.65091709882,0.0,0.0,0.0,-0.94713302688933,0.3208411279363292,8.333333333333334,-2.6292262268911104,0.10496251490284766,9.527210746861304,10.0,4.880371591093578,4.880371591093578,17.56933772793688,45.339353915508916
268.6431005047347,89646.11357758859,43171.8987893534,0.0,0.0,0.0,-0.8359515075847935,0.5488033135529622,8.333333333333334,-2.239243469514032,0.1932539870132886,5.174537485383096,10.0,3.596712903952405,3.596712903952405,12.948166454228659,46.019525116352305
271.24178341441996,89645.15619153244,43169.68958480483,0.0,0.0,0.0,-0.6423205122637059,0.7664361418443747,8.333333333333334,-1.6685275482338282,0.1915789686590881,5.219779639692523,10.0,3.6124021231351455,3.6124021231351455,13.004647643286525,46.68749389456832
274.00883311663256,89645.69732278158,43166.64240611715,0.0,0.0,0.0,-0.4763055946031944,0.8792798078823927,8.333333333333334,-1.206649050169085,0.11979160292031692,8.347830529199788,10.0,4.568323141263046,4.568323141263046,16.445963308546965,47.44411481798322
276.8196073636322,89647.23746556757,43164.280842634194,0.0,0.0,0.0,-0.4026007258922369,0.9153756909111384,8.333333333333334,-0.911492579803108,0.10865764372648289,9.203218160309437,10.0,4.7966702409873445,4.7966702409873445,17.26801286755444,48.04622970793259
279.56581920322355,89649.02619,43162.3300419,0.0,0.0,0.0,-0.2122591553610985,0.9772134111673833,8.333333333333334,-0.6249703283364532,0.09154112760054954,10.92405158437219,10.0,5.225909390807544,5.225909390807544,18.81327380690716,48.57438236173445
282.4443357371424,89651.7586664,43161.0842303,0.0,0.0,0.0,-0.1957375553750827,0.9806563156456936,8.333333333333334,-0.4114904335104431,0.06072926245621818,16.4665263425673,10.0,6.416098180079405,6.026554665425836,21.69559679553301,49.108145878146644
285.41202392121534,89654.5054536,43159.9422239,0.0,0.0,0.0,-0.0527849396953557,0.9986059033178992,8.333333333333334,-0.24849048861628084,0.08626841237526477,11.59172833330968,10.0,5.383244452305152,5.383244452305152,19.379680028298548,49.629580123172225
288.3557216934079,89657.4697214,43159.6279716,0.0,0.0,0.0,0.1411861230448185,0.9899830698853256,8.333333333333334,0.09425592438159601,0.12122357553930269,8.249220463521004,10.0,4.541260965723343,4.541260965723343,16.348539476604035,50.23029091336704
291.2351365294699,89660.3626944,43160.4702638,0.0,0.0,0.0,0.3510208237493732,0.9363676528449236,8.333333333333334,0.4943221508153047,0.1444672477773297,6.921984154784483,10.0,4.159923122722487,4.159923122722487,14.975723241800955,50.92286245434789
294.0663071891156,89662.4415384,43162.2837251,0.0,0.0,0.0,0.5354900752916257,0.8445415201540828,8.333333333333334,0.9246835009907901,0.10826140213990829,9.23690235147408,10.0,4.805440237760242,4.805440237760242,17.29958485593687,51.53826758489413
297.0311358165974,89663.7433917,43165.0445869,0.0,0.0,0.0,0.5110277742991312,0.8595641999844318,8.333333333333334,1.1024969524085284,0.008849161724979454,113.00505415978503,10.0,16.8081121902331,5.678861915243374,20.443902894876146,52.120548703216215
300.13872996816394,89665.2345049,43167.7868371,0.0,0.0,0.0,0.4247248455299929,0.9053224870671908,8.333333333333334,0.9722597307117047,-0.08534916862959699,11.716575756465243,10.0,5.412156630324284,5.412156630324284,19.483763869167422,52.68342481976389
303.1817484476794,89667.25932178558,43170.22284107518,0.0,0.0,0.0,0.11221051395473,0.9936844572388236,8.333333333333334,0.547085670678642,-0.17828255896395162,5.609073629026146,10.0,3.7446874465788684,3.7446874465788684,13.480874807683927,53.375289561024395
306.14425805804103,89670.25635639616,43170.9084562799,0.0,0.0,0.0,-0.2307436264170336,0.9730145830705296,8.333333333333334,-0.12053976439918732,-0.1784487695769475,5.603849230065987,10.0,3.742943103383348,3.742943103383348,13.474595172180052,54.196499097944454
309.18177519622367,89673.1466288,43169.4559564,0.0,0.0,0.0,-0.323006029562265,0.9463969066234428,8.333333333333334,-0.5581668899651143,-0.09863931564593097,10.13794543739063,10.0,5.034368241743603,4.86968078566183,17.530850828382587,54.94765755279678
312.2213178969287,89675.5262027,43167.6175006,0.0,0.0,0.0,-0.4244761644169754,0.9054391121670484,8.333333333333334,-0.769213546313284,-0.07075511912453324,14.13325300519868,10.0,5.944167941183753,5.7214431752877815,20.597195431036013,55.515499145880746
315.1915563366159,89677.4284359,43165.3315296,0.0,0.0,0.0,-0.5091040737697995,0.8607049680761664,8.333333333333334,-0.972887750628706,-0.06833471188331107,14.633851119583388,10.0,6.048522778245815,6.048522778245815,21.774682001684933,56.02083830217218
318.15825785050146,89678.8681197,43162.7118511,0.0,0.0,0.0,-0.6013346264321142,0.7989972885146418,8.333333333333334,-1.179501208192191,-0.07632372773964838,13.102085414527304,10.0,5.72321706178599,5.72321706178599,20.603581422429563,56.52870116723925
321.1146826284719,89679.6925565,43159.8496954,0.0,0.0,0.0,-0.7061737775748178,0.70803855535254,8.333333333333334,-1.4300647227832506,-0.0912899391796165,10.954109609301646,10.0,5.233094115650331,5.233094115650331,18.83913881634119,57.072411240462344
324.0514490519054,89679.7003982,43156.8762018,0.0,0.0,0.0,-0.8080324855597675,0.5891379314558723,8.333333333333334,-1.7247018723875955,-0.10077766697645105,9.922833401508216,10.0,4.980670989311635,4.980670989311635,17.930415561521887,57.6546654649322
326.98069923152246,89678.7977386,43154.0661426,0.0,0.0,0.0,-0.8853121205988576,0.4649972571110004,8.333333333333334,-2.0277640916656487,-0.0986450001825256,10.137361226110517,10.0,5.034223183896032,5.034223183896032,18.123203462025714,58.244083334194066
329.92646034675903,89677.1083911,43151.6154561,0.0,0.0,0.0,-0.9404983717076164,0.3397981942496489,8.333333333333334,-2.310823783127717,-0.08984831560180855,11.129869194563634,10.0,5.274909760973081,5.274909760973081,18.989675139503092,58.82153922616829
332.89207111350436,89674.8028642,43149.6993879,0.0,0.0,0.0,-0.9739198258370324,0.2268924257033819,8.333333333333334,-2.566117792125052,-0.07534978833079971,13.271437414127991,10.0,5.760086243739757,5.760086243739757,20.736310477463125,59.36486420068902
335.8498720337975,89672.1227492,43148.3789591,0.0,0.0,0.0,-0.9891849951871772,0.1466732603324272,8.333333333333334,-2.7648164800588946,-0.059756334037751845,16.734627652496837,10.0,6.468119443179918,6.468119443179918,23.285229995447708,59.853526740649585
338.7981256825594,89669.3292198,43147.5319041,0.0,0.0,0.0,-0.9971812764698786,0.0750300063834688,8.333333333333334,-2.9191438325689987,-0.03655921415036022,27.35288553761616,10.0,8.26935389519885,7.112942663727437,25.60659358941877,60.28340888768126
341.79394869557234,89666.3609214,43147.0826789,0.0,0.0,0.0,-0.9961427292799748,0.0877477230624392,8.333333333333334,-2.9787760796743776,-0.007759393051446076,128.87605942498755,10.0,17.94965594551798,6.937936978346421,24.976573122047117,60.71072719383214
344.86093279677243,89663.3324443,43146.5449646,0.0,0.0,0.0,-0.9961040565947388,0.0881856475595984,8.333333333333334,-2.9654175503630045,0.04980757297749361,20.077268178713844,10.0,7.08471385779162,5.723264319636629,20.603751550691864,61.19659625731606
347.85019687618524,89660.26624102752,43145.99777050809,0.0,0.0,0.0,-0.9195406588245078,0.3929948813516408,8.333333333333334,-2.655914361198041,0.1454966929817448,6.8730084478653275,10.0,4.145180468889541,4.145180468889541,14.922649688002348,61.827829797614896
350.8185963355824,89658.22659247309,43143.86474542671,0.0,0.0,0.0,-0.8258065686174717,0.5639534654811841,8.333333333333334,-2.136658036910759,0.11974560180728436,8.351037406863389,10.0,4.569200533699355,4.569200533699355,16.44912192131768,62.505161787513515
353.91535545836456,89657.0352283,43140.8154564,0.0,0.0,0.0,-0.7950627518188138,0.6065271804876474,8.333333333333334,-1.8933141138537464,0.06614185891508581,15.119018672937802,10.0,6.14797094026513,5.540656730955139,19.9463642314385,63.152799252350704
357.03631104881,89656.238542,43137.9077219,0.0,0.0,0.0,-0.7217227685043043,0.6921822342580619,8.333333333333334,-1.7176311373628126,0.05631453452126803,17.757405055391782,10.0,6.662845686227429,6.304250984817965,22.69530354534467,63.661862088259255
360.0516353185347,89656.10369295724,43134.68197608961,0.0,0.0,0.0,-0.6670340049818302,0.7450272721168667,8.333333333333334,-1.5389595562519187,0.03085412091826772,32.41058147950449,10.0,9.00146952995794,7.030595285006317,25.310143026022743,64.14609162171816
362.8704979216614,89656.39507132217,43132.05233313095,0.0,0.0,0.0,-0.7175954589268114,0.6964601620535226,8.333333333333334,-1.5272944981601977,-0.029128046517763656,34.33117285740919,10.0,9.264336573307501,7.524757804642589,27.08912809671332,64.50963303861761
365.9008270517992,89656.31182036076,43129.26800529235,0.0,0.0,0.0,-0.7714316591200658,0.6363121838431687,8.333333333333334,-1.6897053697679416,-0.05594639004621594,17.874254249003815,10.0,6.684731529576153,6.534073709359693,23.522665353694894,64.90590667673077
369.1529460765394,89655.56256170811,43125.40088329432,0.0,0.0,0.0,-0.8829995660205537,0.4693738024299116,8.333333333333334,-1.939833883695977,-0.10870071484718338,9.199571515291757,10.0,4.795719840464973,4.795719840464973,17.264591425673903,65.60124822428865
372.0550173238873,89654.1702684,43123.3377092,0.0,0.0,0.0,-0.9546094490859496,0.2978603694952041,8.333333333333334,-2.3730937293982484,-0.16073857007450665,6.2212821697771306,10.0,3.9437552439829258,3.9437552439829258,14.197518878338533,66.17084981187314
374.8358486087091,89651.77927132975,43121.68467914323,0.0,0.0,0.0,-0.9985232683338354,0.054325708425343,8.333333333333334,-2.766937720262182,-0.11290499976349166,8.85700369420978,10.0,4.7055827732093345,4.7055827732093345,16.940097983553606,66.8429893262238
377.91620727707044,89648.70052128557,43121.34867931021,0.0,0.0,0.0,-0.9999794267115556,0.0064145267657653,8.333333333333334,-3.0789596262663976,-0.08103383798118115,12.34052372333931,10.0,5.554395494412356,5.554395494412356,19.995823779884482,67.44670024795055
382.0554338770132,89645.284574808,43121.39250537539,0.0,0.0,0.0,-0.9999794267115556,0.0064145267657653,8.333333333333334,3.073986458686104,-0.02367588915783569,42.23706207329677,10.0,10.275828685962116,6.4109275560423375,23.079339201752415,68.01772162237053
387.89597360537255,89638.68207722215,43122.21279718054,0.0,0.0,0.0,0.9622001654295768,0.272343242338221,8.333333333333334,3.0179864087287003,-0.007045401473272699,141.93655305429803,10.0,18.83723394333003,7.814075032228001,28.130670116020802,68.95315327316098
